[
    {
        "actions": [
            {
                "actionName": "clickAction",
                "actionGroup": 0,
                "actionLabel": null,
                "childGroups": [],
                "actionIcon": {
                    "iconType": "imageIcon",
                    "iconURL": null,
                    "iconDims": [
                        80,
                        80
                    ]
                },
                "actionData": {
                    "pointList": [],
                    "icon": "actions/0-row/0-clickAction/assets/icon.png",
                    "inputExpression": null,
                    "targetSystem": "python",
                    "targetContext": "screen",
                    "clickCount": 1,
                    "delayState": "active",
                    "distType": "normal",
                    "mean": 0.1,
                    "stddev": 0.1,
                    "min": 0,
                    "max": 0.3,
                    "detectorName": "pixelDifference",
                    "detectorAttributes": [],
                    "threshold": 0.7,
                    "outputVarName": "clickAction_0",
                    "detectorMode": "inactive",
                    "positiveExamples": [],
                    "negativeExamples": [],
                    "mouseButton": "left"
                },
                "displayables": [],
                "configurables": [
                    {
                        "configurableID": "inputExpressionConfigurable",
                        "configurableVersion": 1,
                        "inputType": "textarea",
                        "inputName": "Input Expression",
                        "inputTarget": "inputExpression",
                        "inputValue": "",
                        "onChange": null
                    },
                    {
                        "configurableID": "clickActionClickCount",
                        "configurableVersion": 1,
                        "inputType": "integer",
                        "inputName": "Click Count",
                        "inputTarget": "clickCount",
                        "inputValue": 1,
                        "onChange": null
                    },
                    {
                        "configurableID": "targetContextConfigurable",
                        "configurableVersion": 1,
                        "inputType": "dropdownOptions",
                        "inputName": "Target Context",
                        "inputTarget": "targetContext",
                        "targetType": "scalar",
                        "maxOptions": 1,
                        "inputValue": [
                            {
                                "optionName": "Screen",
                                "optionValue": "screen",
                                "optionSelected": true
                            },
                            {
                                "optionName": "Search Area",
                                "optionValue": "searchArea",
                                "optionSelected": false
                            },
                            {
                                "optionName": "Detect Result",
                                "optionValue": "detectResult",
                                "optionSelected": false
                            }
                        ],
                        "onChange": null
                    },
                    {
                        "configurableID": "targetSystemConfigurable",
                        "configurableVersion": 1,
                        "inputType": "dropdownOptions",
                        "inputName": "Target System",
                        "inputTarget": "targetSystem",
                        "targetType": "scalar",
                        "maxOptions": 1,
                        "inputValue": [
                            {
                                "optionName": "Python",
                                "optionValue": "python",
                                "optionSelected": true
                            },
                            {
                                "optionName": "adb",
                                "optionValue": "adb",
                                "optionSelected": false
                            },
                            {
                                "optionName": "None",
                                "optionValue": "none",
                                "optionSelected": false
                            }
                        ],
                        "onChange": null
                    },
                    {
                        "configurableID": "detectorAttributesConfigurable",
                        "configurableVersion": 1,
                        "inputType": "checkboxOptions",
                        "inputName": "Detector Attributes",
                        "inputTarget": "detectorAttributes",
                        "targetType": "array",
                        "maxOptions": 1000,
                        "inputValue": [
                            {
                                "optionName": "Object Handler",
                                "optionValue": "searchAreaObjectHandler",
                                "optionSelected": false
                            },
                            {
                                "optionName": "Include Contained Area in Output",
                                "optionValue": "includeContainedAreaInOutput",
                                "optionSelected": false
                            },
                            {
                                "optionName": "Exclude Matched Area from Output",
                                "optionValue": "excludeMatchedAreaFromOutput",
                                "optionSelected": false
                            }
                        ],
                        "onChange": null
                    },
                    {
                        "configurableID": "clickActionMouseButtonConfigurable",
                        "configurableVersion": 1,
                        "inputType": "dropdownOptions",
                        "inputName": "Mouse Button",
                        "inputTarget": "mouseButton",
                        "targetType": "scalar",
                        "maxOptions": 1,
                        "inputValue": [
                            {
                                "optionName": "Left",
                                "optionValue": "left",
                                "optionSelected": true
                            },
                            {
                                "optionName": "Right",
                                "optionValue": "right",
                                "optionSelected": false
                            }
                        ],
                        "onChange": null
                    }
                ],
                "linkingBehaviors": [
                    {
                        "linkingBehaviorID": "mouseActionLinkingBehaviors",
                        "behaviorType": "variableChain",
                        "sourceTypes": [
                            "detectObject",
                            "declareScene"
                        ],
                        "sourcePayload": [
                            "actionData",
                            "outputVarName"
                        ],
                        "targetPayload": [
                            "actionData",
                            "inputExpression"
                        ]
                    }
                ],
                "selected": false,
                "draggable": true
            }
        ],
        "rowIndex": 0,
        "selected": false
    },
    {
        "actions": [
            {
                "actionName": "clickAction",
                "actionGroup": 1,
                "actionLabel": null,
                "childGroups": [],
                "actionIcon": {
                    "iconType": "imageIcon",
                    "iconURL": null,
                    "iconDims": [
                        80,
                        80
                    ]
                },
                "actionData": {
                    "pointList": [],
                    "icon": "actions/1-row/0-clickAction/assets/icon.png",
                    "inputExpression": null,
                    "targetSystem": "python",
                    "targetContext": "screen",
                    "clickCount": 1,
                    "delayState": "active",
                    "distType": "normal",
                    "mean": 0.1,
                    "stddev": 0.1,
                    "min": 0,
                    "max": 0.3,
                    "detectorName": "pixelDifference",
                    "detectorAttributes": [],
                    "threshold": 0.7,
                    "outputVarName": "clickAction_1",
                    "detectorMode": "inactive",
                    "positiveExamples": [],
                    "negativeExamples": [],
                    "mouseButton": "left"
                },
                "displayables": [],
                "configurables": [
                    {
                        "configurableID": "inputExpressionConfigurable",
                        "configurableVersion": 1,
                        "inputType": "textarea",
                        "inputName": "Input Expression",
                        "inputTarget": "inputExpression",
                        "inputValue": "",
                        "onChange": null
                    },
                    {
                        "configurableID": "clickActionClickCount",
                        "configurableVersion": 1,
                        "inputType": "integer",
                        "inputName": "Click Count",
                        "inputTarget": "clickCount",
                        "inputValue": 1,
                        "onChange": null
                    },
                    {
                        "configurableID": "targetContextConfigurable",
                        "configurableVersion": 1,
                        "inputType": "dropdownOptions",
                        "inputName": "Target Context",
                        "inputTarget": "targetContext",
                        "targetType": "scalar",
                        "maxOptions": 1,
                        "inputValue": [
                            {
                                "optionName": "Screen",
                                "optionValue": "screen",
                                "optionSelected": true
                            },
                            {
                                "optionName": "Search Area",
                                "optionValue": "searchArea",
                                "optionSelected": false
                            },
                            {
                                "optionName": "Detect Result",
                                "optionValue": "detectResult",
                                "optionSelected": false
                            }
                        ],
                        "onChange": null
                    },
                    {
                        "configurableID": "targetSystemConfigurable",
                        "configurableVersion": 1,
                        "inputType": "dropdownOptions",
                        "inputName": "Target System",
                        "inputTarget": "targetSystem",
                        "targetType": "scalar",
                        "maxOptions": 1,
                        "inputValue": [
                            {
                                "optionName": "Python",
                                "optionValue": "python",
                                "optionSelected": true
                            },
                            {
                                "optionName": "adb",
                                "optionValue": "adb",
                                "optionSelected": false
                            },
                            {
                                "optionName": "None",
                                "optionValue": "none",
                                "optionSelected": false
                            }
                        ],
                        "onChange": null
                    },
                    {
                        "configurableID": "detectorAttributesConfigurable",
                        "configurableVersion": 1,
                        "inputType": "checkboxOptions",
                        "inputName": "Detector Attributes",
                        "inputTarget": "detectorAttributes",
                        "targetType": "array",
                        "maxOptions": 1000,
                        "inputValue": [
                            {
                                "optionName": "Object Handler",
                                "optionValue": "searchAreaObjectHandler",
                                "optionSelected": false
                            },
                            {
                                "optionName": "Include Contained Area in Output",
                                "optionValue": "includeContainedAreaInOutput",
                                "optionSelected": false
                            },
                            {
                                "optionName": "Exclude Matched Area from Output",
                                "optionValue": "excludeMatchedAreaFromOutput",
                                "optionSelected": false
                            }
                        ],
                        "onChange": null
                    },
                    {
                        "configurableID": "clickActionMouseButtonConfigurable",
                        "configurableVersion": 1,
                        "inputType": "dropdownOptions",
                        "inputName": "Mouse Button",
                        "inputTarget": "mouseButton",
                        "targetType": "scalar",
                        "maxOptions": 1,
                        "inputValue": [
                            {
                                "optionName": "Left",
                                "optionValue": "left",
                                "optionSelected": true
                            },
                            {
                                "optionName": "Right",
                                "optionValue": "right",
                                "optionSelected": false
                            }
                        ],
                        "onChange": null
                    }
                ],
                "linkingBehaviors": [
                    {
                        "linkingBehaviorID": "mouseActionLinkingBehaviors",
                        "behaviorType": "variableChain",
                        "sourceTypes": [
                            "detectObject",
                            "declareScene"
                        ],
                        "sourcePayload": [
                            "actionData",
                            "outputVarName"
                        ],
                        "targetPayload": [
                            "actionData",
                            "inputExpression"
                        ]
                    }
                ],
                "selected": false,
                "draggable": true
            }
        ],
        "rowIndex": 1,
        "selected": false
    }
]