[
    [
        {
            "srcGroup": 8,
            "srcRowIndex": 0,
            "srcActionIndex": 0,
            "destGroup": 9,
            "destRowIndex": 1,
            "destActionIndex": 0,
            "coords": [
                [
                    70,
                    0
                ],
                [
                    70,
                    32
                ]
            ],
            "long": false,
            "isPipeLink": false,
            "type": "firstMatch",
            "typePayload": null
        },
        {
            "srcGroup": 7,
            "srcRowIndex": 0,
            "srcActionIndex": 1,
            "destGroup": 9,
            "destRowIndex": 1,
            "destActionIndex": 0,
            "coords": [
                [
                    210,
                    0
                ],
                [
                    70,
                    39.12652114433654
                ]
            ],
            "long": false,
            "isPipeLink": false,
            "type": "firstMatch",
            "typePayload": null
        },
        {
            "srcGroup": 6,
            "srcRowIndex": 0,
            "srcActionIndex": 2,
            "destGroup": 9,
            "destRowIndex": 1,
            "destActionIndex": 0,
            "coords": [
                [
                    350,
                    0
                ],
                [
                    70,
                    40.51659547069755
                ]
            ],
            "long": false,
            "isPipeLink": false,
            "type": "firstMatch",
            "typePayload": null
        },
        {
            "srcGroup": 5,
            "srcRowIndex": 0,
            "srcActionIndex": 3,
            "destGroup": 9,
            "destRowIndex": 1,
            "destActionIndex": 0,
            "coords": [
                [
                    490,
                    0
                ],
                [
                    70,
                    41.00496280979001
                ]
            ],
            "long": false,
            "isPipeLink": false,
            "type": "firstMatch",
            "typePayload": null
        },
        {
            "srcGroup": 4,
            "srcRowIndex": 0,
            "srcActionIndex": 4,
            "destGroup": 9,
            "destRowIndex": 1,
            "destActionIndex": 0,
            "coords": [
                [
                    630,
                    0
                ],
                [
                    70,
                    41.252100517583656
                ]
            ],
            "long": false,
            "isPipeLink": false,
            "type": "firstMatch",
            "typePayload": null
        },
        {
            "srcGroup": 3,
            "srcRowIndex": 0,
            "srcActionIndex": 5,
            "destGroup": 9,
            "destRowIndex": 1,
            "destActionIndex": 0,
            "coords": [
                [
                    770,
                    0
                ],
                [
                    70,
                    41.401077092720534
                ]
            ],
            "long": false,
            "isPipeLink": false,
            "type": "firstMatch",
            "typePayload": null
        },
        {
            "srcGroup": 2,
            "srcRowIndex": 0,
            "srcActionIndex": 6,
            "destGroup": 9,
            "destRowIndex": 1,
            "destActionIndex": 0,
            "coords": [
                [
                    910,
                    0
                ],
                [
                    70,
                    41.500623830561075
                ]
            ],
            "long": false,
            "isPipeLink": false,
            "type": "firstMatch",
            "typePayload": null
        },
        {
            "srcGroup": 1,
            "srcRowIndex": 0,
            "srcActionIndex": 7,
            "destGroup": 9,
            "destRowIndex": 1,
            "destActionIndex": 0,
            "coords": [
                [
                    1050,
                    0
                ],
                [
                    70,
                    41.57182161607814
                ]
            ],
            "long": false,
            "isPipeLink": false,
            "type": "firstMatch",
            "typePayload": null
        }
    ],
    []
]