[
    {
        "actions": [
            {
                "actionName": "detectObject",
                "actionGroup": 8,
                "actionLabel": null,
                "rowIndex": 0,
                "actionIndex": 0,
                "childGroups": [
                    {
                        "srcGroup": 8,
                        "srcRowIndex": 0,
                        "srcActionIndex": 0,
                        "destGroup": 9,
                        "destRowIndex": 1,
                        "destActionIndex": 0,
                        "coords": [
                            [
                                70,
                                0
                            ],
                            [
                                70,
                                32
                            ]
                        ],
                        "long": false,
                        "isPipeLink": false,
                        "type": "firstMatch",
                        "typePayload": null
                    }
                ],
                "actionIcon": {
                    "iconType": "imageIcon",
                    "iconVersion": 1,
                    "iconURL": null,
                    "iconDims": [
                        3024,
                        1964
                    ]
                },
                "actionData": {
                    "searchArea": [
                        [
                            0,
                            0
                        ],
                        [
                            3024,
                            1964
                        ]
                    ],
                    "icon": "actions/0-row/0-detectObject/assets/icon.png",
                    "targetSystem": "python",
                    "targetContext": "screen",
                    "detectorName": "pixelDifference",
                    "detectorAttributes": [],
                    "threshold": 0.1,
                    "maxMatches": 1,
                    "outputVarName": "detectObject_8",
                    "detectorMode": "active",
                    "positiveExamples": [
                        {
                            "pairIndex": 0,
                            "img": "actions/0-row/0-detectObject/assets/positiveExamples/0-img.png",
                            "mask": "actions/0-row/0-detectObject/assets/positiveExamples/0-mask.png",
                            "containedAreaMask": "actions/0-row/0-detectObject/assets/positiveExamples/0-containedAreaMask.png",
                            "scenemask": "actions/0-row/0-detectObject/assets/positiveExamples/0-scenemask.png",
                            "scenecontainedAreaMask": "actions/0-row/0-detectObject/assets/positiveExamples/0-scenecontainedAreaMask.png",
                            "sceneimg": "actions/0-row/0-detectObject/assets/positiveExamples/0-sceneimg.png"
                        }
                    ],
                    "negativeExamples": [],
                    "sourceScreenWidth": 3024,
                    "sourceScreenHeight": 1964,
                    "sceneLocation": [
                        [
                            829,
                            1873
                        ],
                        [
                            879,
                            1927
                        ]
                    ],
                    "maskLocation": [
                        [
                            50,
                            54
                        ],
                        [
                            0,
                            0
                        ]
                    ],
                    "resuseScreenshotBetweenActions": true,
                    "useColor": true,
                    "useOriginalImageOnly": false,
                    "useImageRescaledToScreenOnly": false,
                    "matchMode": "bestMatch",
                    "detectActionType": "detectObject",
                    "inputExpression": "",
                    "heightScale": "",
                    "widthScale": ""
                },
                "displayables": [],
                "configurables": [
                    {
                        "configurableID": "outputVarNameConfigurable",
                        "configurableVersion": 3,
                        "inputType": "text",
                        "inputName": "Output Var Name",
                        "inputTarget": "outputVarName",
                        "inputValue": "",
                        "onChange": null
                    },
                    {
                        "configurableID": "thresholdConfigurable",
                        "configurableVersion": 1,
                        "inputType": "float",
                        "inputName": "Threshold",
                        "inputTarget": "threshold",
                        "inputValue": "0.9",
                        "onChange": null
                    },
                    {
                        "configurableID": "targetContextConfigurable",
                        "configurableVersion": 1,
                        "inputType": "dropdownOptions",
                        "inputName": "Target Context",
                        "inputTarget": "targetContext",
                        "targetType": "scalar",
                        "maxOptions": 1,
                        "inputValue": [
                            {
                                "optionName": "Screen",
                                "optionValue": "screen",
                                "optionSelected": true
                            },
                            {
                                "optionName": "Search Area",
                                "optionValue": "searchArea",
                                "optionSelected": false
                            },
                            {
                                "optionName": "Detect Result",
                                "optionValue": "detectResult",
                                "optionSelected": false
                            }
                        ],
                        "onChange": null
                    },
                    {
                        "configurableID": "sourceScreenWidthConfigurable",
                        "configurableVersion": 1,
                        "inputType": "integer",
                        "inputName": "Source Screen Width",
                        "inputTarget": "sourceScreenWidth",
                        "inputValue": 0,
                        "onChange": null
                    },
                    {
                        "configurableID": "sourceScreenHeightConfigurable",
                        "configurableVersion": 2,
                        "inputType": "integer",
                        "inputName": "Source Screen Height",
                        "inputTarget": "sourceScreenHeight",
                        "inputValue": 0,
                        "onChange": null
                    },
                    {
                        "configurableID": "maxMatchesConfigurable",
                        "configurableVersion": 1,
                        "inputType": "integer",
                        "inputName": "Max Matches",
                        "inputTarget": "maxMatches",
                        "inputValue": 1,
                        "onChange": null
                    },
                    {
                        "configurableID": "targetSystemConfigurable",
                        "configurableVersion": 1,
                        "inputType": "dropdownOptions",
                        "inputName": "Target System",
                        "inputTarget": "targetSystem",
                        "targetType": "scalar",
                        "maxOptions": 1,
                        "inputValue": [
                            {
                                "optionName": "Python",
                                "optionValue": "python",
                                "optionSelected": true
                            },
                            {
                                "optionName": "adb",
                                "optionValue": "adb",
                                "optionSelected": false
                            },
                            {
                                "optionName": "None",
                                "optionValue": "none",
                                "optionSelected": false
                            }
                        ],
                        "onChange": null
                    },
                    {
                        "configurableID": "detectorAttributesConfigurable",
                        "configurableVersion": 4,
                        "inputType": "checkboxOptions",
                        "inputName": "Detector Attributes",
                        "inputTarget": "detectorAttributes",
                        "targetType": "array",
                        "maxOptions": 1000,
                        "inputValue": [
                            {
                                "optionName": "Object Handler",
                                "optionValue": "searchAreaObjectHandler",
                                "optionSelected": false
                            },
                            {
                                "optionName": "Include Contained Area in Output",
                                "optionValue": "includeContainedAreaInOutput",
                                "optionSelected": false
                            },
                            {
                                "optionName": "Exclude Matched Area from Output",
                                "optionValue": "excludeMatchedAreaFromOutput",
                                "optionSelected": false
                            }
                        ],
                        "onChange": null
                    },
                    {
                        "configurableID": "inputExpressionConfigurable",
                        "configurableVersion": 3,
                        "inputType": "textarea",
                        "inputName": "Input Expression",
                        "inputTarget": "inputExpression",
                        "inputValue": "",
                        "onChange": null
                    },
                    {
                        "configurableID": "detectorResuseScreenshotBetweenActionsConfigurable",
                        "configurableVersion": 1,
                        "inputType": "checkbox",
                        "inputName": "Reuse Screenshot Between Actions",
                        "inputTarget": "resuseScreenshotBetweenActions",
                        "inputValue": "",
                        "onChange": null
                    },
                    {
                        "configurableID": "detectorUseColorConfigurable",
                        "configurableVersion": 1,
                        "inputType": "checkbox",
                        "inputName": "Use Color",
                        "inputTarget": "useColor",
                        "inputValue": "",
                        "onChange": null
                    },
                    {
                        "configurableID": "detectorUseOriginalImageOnlyConfigurable",
                        "configurableVersion": 1,
                        "inputType": "checkbox",
                        "inputName": "Use Original Image Only",
                        "inputTarget": "useOriginalImageOnly",
                        "inputValue": "",
                        "onChange": null
                    },
                    {
                        "configurableID": "detectorUseImageRescaledToScreenOnly",
                        "configurableVersion": 1,
                        "inputType": "checkbox",
                        "inputName": "Use Image Rescaled To Screen Only",
                        "inputTarget": "useImageRescaledToScreenOnly",
                        "inputValue": "",
                        "onChange": null
                    },
                    {
                        "configurableID": "detectorMatchModeConfigurable",
                        "configurableVersion": 1,
                        "inputType": "dropdownOptions",
                        "inputName": "Matching Mode",
                        "inputTarget": "matchMode",
                        "targetType": "scalar",
                        "maxOptions": 1,
                        "inputValue": [
                            {
                                "optionName": "Best Match",
                                "optionValue": "bestMatch",
                                "optionSelected": true
                            },
                            {
                                "optionName": "First Match",
                                "optionValue": "firstMatch",
                                "optionSelected": false
                            }
                        ],
                        "onChange": null
                    },
                    {
                        "configurableID": "detectorDetectActionTypeConfigurable",
                        "configurableVersion": 1,
                        "inputType": "dropdownOptions",
                        "inputName": "Detect Action Type",
                        "inputTarget": "detectActionType",
                        "targetType": "scalar",
                        "maxOptions": 1,
                        "inputValue": [
                            {
                                "optionName": "Detect Scene",
                                "optionValue": "detectScene",
                                "optionSelected": false
                            },
                            {
                                "optionName": "Detect Object",
                                "optionValue": "detectObject",
                                "optionSelected": true
                            }
                        ],
                        "onChange": null
                    },
                    {
                        "configurableID": "detectObjectWidthScaleConfigurable",
                        "configurableVersion": 2,
                        "inputType": "text",
                        "inputName": "Width Scale",
                        "inputTarget": "widthScale",
                        "inputValue": "",
                        "onChange": null
                    },
                    {
                        "configurableID": "detectObjectHeightScaleConfigurable",
                        "configurableVersion": 2,
                        "inputType": "text",
                        "inputName": "Height Scale",
                        "inputTarget": "heightScale",
                        "inputValue": "",
                        "onChange": null
                    }
                ],
                "linkingBehaviors": [
                    {
                        "linkingBehaviorID": "detectObjectToDetectObjectLinkingBehavior",
                        "behaviorType": "variableChain",
                        "sourceTypes": [
                            "detectObject"
                        ],
                        "sourcePayload": [
                            "actionData",
                            "outputVarName"
                        ],
                        "targetPayload": [
                            "actionData",
                            "inputExpression"
                        ]
                    },
                    {
                        "linkingBehaviorID": "detectObjectToDetectObjectContextLinkingBehavior",
                        "behaviorType": "variableLink",
                        "sourceTypes": [
                            "detectObject"
                        ],
                        "sourcePayload": [
                            "detectResult"
                        ],
                        "targetPayload": [
                            "actionData",
                            "targetContext"
                        ]
                    }
                ],
                "selected": false,
                "draggable": true
            }
        ],
        "rowIndex": 0,
        "selected": false
    },
    {
        "actions": [
            {
                "actionName": "sleepStatement",
                "actionGroup": 9,
                "actionLabel": null,
                "rowIndex": 1,
                "actionIndex": 0,
                "childGroups": [
                    {
                        "srcGroup": 9,
                        "srcRowIndex": 1,
                        "srcActionIndex": 0,
                        "destGroup": 10,
                        "destRowIndex": 2,
                        "destActionIndex": 0,
                        "coords": [
                            [
                                70,
                                0
                            ],
                            [
                                70,
                                32
                            ]
                        ],
                        "long": false,
                        "isPipeLink": false,
                        "type": "firstMatch",
                        "typePayload": null
                    }
                ],
                "actionIcon": {
                    "iconType": "symbolIcon",
                    "iconVersion": 1,
                    "iconSymbol": "sleepStatementIcon",
                    "iconDims": [
                        80,
                        80
                    ]
                },
                "actionData": {
                    "inputExpression": 0,
                    "targetSystem": "none"
                },
                "displayables": [],
                "configurables": [
                    {
                        "configurableID": "targetSystemConfigurable",
                        "configurableVersion": 1,
                        "inputType": "dropdownOptions",
                        "inputName": "Target System",
                        "inputTarget": "targetSystem",
                        "targetType": "scalar",
                        "maxOptions": 1,
                        "inputValue": [
                            {
                                "optionName": "Python",
                                "optionValue": "python",
                                "optionSelected": false
                            },
                            {
                                "optionName": "adb",
                                "optionValue": "adb",
                                "optionSelected": true
                            },
                            {
                                "optionName": "None",
                                "optionValue": "none",
                                "optionSelected": false
                            }
                        ],
                        "onChange": null
                    },
                    {
                        "configurableID": "inputExpressionConfigurable",
                        "configurableVersion": 3,
                        "inputType": "textarea",
                        "inputName": "Input Expression",
                        "inputTarget": "inputExpression",
                        "inputValue": "",
                        "onChange": null
                    }
                ],
                "linkingBehaviors": [
                    {
                        "linkingBehaviorID": "randomVariableConsumerLinkingBehavior",
                        "behaviorType": "variableLink",
                        "sourceTypes": [
                            "randomVariable"
                        ],
                        "sourcePayload": [
                            [
                                "actionData",
                                "outputVarName"
                            ]
                        ],
                        "targetPayload": [
                            "actionData",
                            "inputExpression"
                        ]
                    }
                ],
                "selected": false,
                "draggable": true
            }
        ],
        "rowIndex": 9,
        "selected": false
    },
    {
        "actions": [
            {
                "actionName": "detectObject",
                "actionGroup": 10,
                "actionLabel": null,
                "rowIndex": 2,
                "actionIndex": 0,
                "childGroups": [
                    {
                        "srcGroup": 10,
                        "srcRowIndex": 2,
                        "srcActionIndex": 0,
                        "destGroup": 11,
                        "destRowIndex": 3,
                        "destActionIndex": 0,
                        "coords": [
                            [
                                70,
                                0
                            ],
                            [
                                70,
                                32
                            ]
                        ],
                        "long": false,
                        "isPipeLink": false,
                        "type": "firstMatch",
                        "typePayload": null
                    }
                ],
                "actionIcon": {
                    "iconType": "imageIcon",
                    "iconVersion": 1,
                    "iconURL": null,
                    "iconDims": [
                        3024,
                        1964
                    ]
                },
                "actionData": {
                    "searchArea": [
                        [
                            0,
                            0
                        ],
                        [
                            3024,
                            1964
                        ]
                    ],
                    "icon": "actions/2-row/0-detectObject/assets/icon.png",
                    "targetSystem": "python",
                    "targetContext": "screen",
                    "detectorName": "pixelDifference",
                    "detectorAttributes": [],
                    "threshold": 0.1,
                    "maxMatches": 1,
                    "outputVarName": "detectObject_8",
                    "detectorMode": "active",
                    "positiveExamples": [
                        {
                            "pairIndex": 0,
                            "img": "actions/2-row/0-detectObject/assets/positiveExamples/0-img.png",
                            "mask": "actions/2-row/0-detectObject/assets/positiveExamples/0-mask.png",
                            "containedAreaMask": "actions/2-row/0-detectObject/assets/positiveExamples/0-containedAreaMask.png",
                            "scenemask": "actions/2-row/0-detectObject/assets/positiveExamples/0-scenemask.png",
                            "scenecontainedAreaMask": "actions/2-row/0-detectObject/assets/positiveExamples/0-scenecontainedAreaMask.png",
                            "sceneimg": "actions/2-row/0-detectObject/assets/positiveExamples/0-sceneimg.png"
                        }
                    ],
                    "negativeExamples": [],
                    "sourceScreenWidth": 3024,
                    "sourceScreenHeight": 1964,
                    "sceneLocation": [
                        [
                            829,
                            1873
                        ],
                        [
                            879,
                            1927
                        ]
                    ],
                    "maskLocation": [
                        [
                            50,
                            54
                        ],
                        [
                            0,
                            0
                        ]
                    ],
                    "resuseScreenshotBetweenActions": true,
                    "useColor": true,
                    "useOriginalImageOnly": false,
                    "useImageRescaledToScreenOnly": false,
                    "matchMode": "bestMatch",
                    "detectActionType": "detectObject",
                    "inputExpression": "",
                    "heightScale": "",
                    "widthScale": ""
                },
                "displayables": [],
                "configurables": [
                    {
                        "configurableID": "outputVarNameConfigurable",
                        "configurableVersion": 3,
                        "inputType": "text",
                        "inputName": "Output Var Name",
                        "inputTarget": "outputVarName",
                        "inputValue": "",
                        "onChange": null
                    },
                    {
                        "configurableID": "thresholdConfigurable",
                        "configurableVersion": 1,
                        "inputType": "float",
                        "inputName": "Threshold",
                        "inputTarget": "threshold",
                        "inputValue": "0.9",
                        "onChange": null
                    },
                    {
                        "configurableID": "targetContextConfigurable",
                        "configurableVersion": 1,
                        "inputType": "dropdownOptions",
                        "inputName": "Target Context",
                        "inputTarget": "targetContext",
                        "targetType": "scalar",
                        "maxOptions": 1,
                        "inputValue": [
                            {
                                "optionName": "Screen",
                                "optionValue": "screen",
                                "optionSelected": true
                            },
                            {
                                "optionName": "Search Area",
                                "optionValue": "searchArea",
                                "optionSelected": false
                            },
                            {
                                "optionName": "Detect Result",
                                "optionValue": "detectResult",
                                "optionSelected": false
                            }
                        ],
                        "onChange": null
                    },
                    {
                        "configurableID": "sourceScreenWidthConfigurable",
                        "configurableVersion": 1,
                        "inputType": "integer",
                        "inputName": "Source Screen Width",
                        "inputTarget": "sourceScreenWidth",
                        "inputValue": 0,
                        "onChange": null
                    },
                    {
                        "configurableID": "sourceScreenHeightConfigurable",
                        "configurableVersion": 2,
                        "inputType": "integer",
                        "inputName": "Source Screen Height",
                        "inputTarget": "sourceScreenHeight",
                        "inputValue": 0,
                        "onChange": null
                    },
                    {
                        "configurableID": "maxMatchesConfigurable",
                        "configurableVersion": 1,
                        "inputType": "integer",
                        "inputName": "Max Matches",
                        "inputTarget": "maxMatches",
                        "inputValue": 1,
                        "onChange": null
                    },
                    {
                        "configurableID": "targetSystemConfigurable",
                        "configurableVersion": 1,
                        "inputType": "dropdownOptions",
                        "inputName": "Target System",
                        "inputTarget": "targetSystem",
                        "targetType": "scalar",
                        "maxOptions": 1,
                        "inputValue": [
                            {
                                "optionName": "Python",
                                "optionValue": "python",
                                "optionSelected": true
                            },
                            {
                                "optionName": "adb",
                                "optionValue": "adb",
                                "optionSelected": false
                            },
                            {
                                "optionName": "None",
                                "optionValue": "none",
                                "optionSelected": false
                            }
                        ],
                        "onChange": null
                    },
                    {
                        "configurableID": "detectorAttributesConfigurable",
                        "configurableVersion": 4,
                        "inputType": "checkboxOptions",
                        "inputName": "Detector Attributes",
                        "inputTarget": "detectorAttributes",
                        "targetType": "array",
                        "maxOptions": 1000,
                        "inputValue": [
                            {
                                "optionName": "Object Handler",
                                "optionValue": "searchAreaObjectHandler",
                                "optionSelected": false
                            },
                            {
                                "optionName": "Include Contained Area in Output",
                                "optionValue": "includeContainedAreaInOutput",
                                "optionSelected": false
                            },
                            {
                                "optionName": "Exclude Matched Area from Output",
                                "optionValue": "excludeMatchedAreaFromOutput",
                                "optionSelected": false
                            }
                        ],
                        "onChange": null
                    },
                    {
                        "configurableID": "inputExpressionConfigurable",
                        "configurableVersion": 3,
                        "inputType": "textarea",
                        "inputName": "Input Expression",
                        "inputTarget": "inputExpression",
                        "inputValue": "",
                        "onChange": null
                    },
                    {
                        "configurableID": "detectorResuseScreenshotBetweenActionsConfigurable",
                        "configurableVersion": 1,
                        "inputType": "checkbox",
                        "inputName": "Reuse Screenshot Between Actions",
                        "inputTarget": "resuseScreenshotBetweenActions",
                        "inputValue": "",
                        "onChange": null
                    },
                    {
                        "configurableID": "detectorUseColorConfigurable",
                        "configurableVersion": 1,
                        "inputType": "checkbox",
                        "inputName": "Use Color",
                        "inputTarget": "useColor",
                        "inputValue": "",
                        "onChange": null
                    },
                    {
                        "configurableID": "detectorUseOriginalImageOnlyConfigurable",
                        "configurableVersion": 1,
                        "inputType": "checkbox",
                        "inputName": "Use Original Image Only",
                        "inputTarget": "useOriginalImageOnly",
                        "inputValue": "",
                        "onChange": null
                    },
                    {
                        "configurableID": "detectorUseImageRescaledToScreenOnly",
                        "configurableVersion": 1,
                        "inputType": "checkbox",
                        "inputName": "Use Image Rescaled To Screen Only",
                        "inputTarget": "useImageRescaledToScreenOnly",
                        "inputValue": "",
                        "onChange": null
                    },
                    {
                        "configurableID": "detectorMatchModeConfigurable",
                        "configurableVersion": 1,
                        "inputType": "dropdownOptions",
                        "inputName": "Matching Mode",
                        "inputTarget": "matchMode",
                        "targetType": "scalar",
                        "maxOptions": 1,
                        "inputValue": [
                            {
                                "optionName": "Best Match",
                                "optionValue": "bestMatch",
                                "optionSelected": true
                            },
                            {
                                "optionName": "First Match",
                                "optionValue": "firstMatch",
                                "optionSelected": false
                            }
                        ],
                        "onChange": null
                    },
                    {
                        "configurableID": "detectorDetectActionTypeConfigurable",
                        "configurableVersion": 1,
                        "inputType": "dropdownOptions",
                        "inputName": "Detect Action Type",
                        "inputTarget": "detectActionType",
                        "targetType": "scalar",
                        "maxOptions": 1,
                        "inputValue": [
                            {
                                "optionName": "Detect Scene",
                                "optionValue": "detectScene",
                                "optionSelected": false
                            },
                            {
                                "optionName": "Detect Object",
                                "optionValue": "detectObject",
                                "optionSelected": true
                            }
                        ],
                        "onChange": null
                    },
                    {
                        "configurableID": "detectObjectWidthScaleConfigurable",
                        "configurableVersion": 2,
                        "inputType": "text",
                        "inputName": "Width Scale",
                        "inputTarget": "widthScale",
                        "inputValue": "",
                        "onChange": null
                    },
                    {
                        "configurableID": "detectObjectHeightScaleConfigurable",
                        "configurableVersion": 2,
                        "inputType": "text",
                        "inputName": "Height Scale",
                        "inputTarget": "heightScale",
                        "inputValue": "",
                        "onChange": null
                    }
                ],
                "linkingBehaviors": [
                    {
                        "linkingBehaviorID": "detectObjectToDetectObjectLinkingBehavior",
                        "behaviorType": "variableChain",
                        "sourceTypes": [
                            "detectObject"
                        ],
                        "sourcePayload": [
                            "actionData",
                            "outputVarName"
                        ],
                        "targetPayload": [
                            "actionData",
                            "inputExpression"
                        ]
                    },
                    {
                        "linkingBehaviorID": "detectObjectToDetectObjectContextLinkingBehavior",
                        "behaviorType": "variableLink",
                        "sourceTypes": [
                            "detectObject"
                        ],
                        "sourcePayload": [
                            "detectResult"
                        ],
                        "targetPayload": [
                            "actionData",
                            "targetContext"
                        ]
                    }
                ],
                "selected": false,
                "draggable": true
            }
        ],
        "rowIndex": 10,
        "selected": false
    },
    {
        "actions": [
            {
                "actionName": "sleepStatement",
                "actionGroup": 11,
                "actionLabel": null,
                "rowIndex": 3,
                "actionIndex": 0,
                "childGroups": [],
                "actionIcon": {
                    "iconType": "symbolIcon",
                    "iconVersion": 1,
                    "iconSymbol": "sleepStatementIcon",
                    "iconDims": [
                        80,
                        80
                    ]
                },
                "actionData": {
                    "inputExpression": 0,
                    "targetSystem": "none"
                },
                "displayables": [],
                "configurables": [
                    {
                        "configurableID": "targetSystemConfigurable",
                        "configurableVersion": 1,
                        "inputType": "dropdownOptions",
                        "inputName": "Target System",
                        "inputTarget": "targetSystem",
                        "targetType": "scalar",
                        "maxOptions": 1,
                        "inputValue": [
                            {
                                "optionName": "Python",
                                "optionValue": "python",
                                "optionSelected": false
                            },
                            {
                                "optionName": "adb",
                                "optionValue": "adb",
                                "optionSelected": true
                            },
                            {
                                "optionName": "None",
                                "optionValue": "none",
                                "optionSelected": false
                            }
                        ],
                        "onChange": null
                    },
                    {
                        "configurableID": "inputExpressionConfigurable",
                        "configurableVersion": 3,
                        "inputType": "textarea",
                        "inputName": "Input Expression",
                        "inputTarget": "inputExpression",
                        "inputValue": "",
                        "onChange": null
                    }
                ],
                "linkingBehaviors": [
                    {
                        "linkingBehaviorID": "randomVariableConsumerLinkingBehavior",
                        "behaviorType": "variableLink",
                        "sourceTypes": [
                            "randomVariable"
                        ],
                        "sourcePayload": [
                            [
                                "actionData",
                                "outputVarName"
                            ]
                        ],
                        "targetPayload": [
                            "actionData",
                            "inputExpression"
                        ]
                    }
                ],
                "selected": false,
                "draggable": true
            }
        ],
        "rowIndex": 11,
        "selected": false
    }
]