[
    [
        {
            "srcGroup": 8,
            "srcRowIndex": 0,
            "srcActionIndex": 0,
            "destGroup": 9,
            "destRowIndex": 1,
            "destActionIndex": 0,
            "coords": [
                [
                    70,
                    0
                ],
                [
                    70,
                    32
                ]
            ],
            "long": false,
            "isPipeLink": false,
            "type": "firstMatch",
            "typePayload": null
        }
    ],
    [
        {
            "srcGroup": 9,
            "srcRowIndex": 1,
            "srcActionIndex": 0,
            "destGroup": 10,
            "destRowIndex": 2,
            "destActionIndex": 0,
            "coords": [
                [
                    70,
                    0
                ],
                [
                    70,
                    32
                ]
            ],
            "long": false,
            "isPipeLink": false,
            "type": "firstMatch",
            "typePayload": null
        }
    ],
    [
        {
            "srcGroup": 10,
            "srcRowIndex": 2,
            "srcActionIndex": 0,
            "destGroup": 11,
            "destRowIndex": 3,
            "destActionIndex": 0,
            "coords": [
                [
                    70,
                    0
                ],
                [
                    70,
                    32
                ]
            ],
            "long": false,
            "isPipeLink": false,
            "type": "firstMatch",
            "typePayload": null
        }
    ],
    []
]